Data,Otwarcie,Najwyzszy,Najnizszy,Zamkniecie,Wolumen
2010-01-04,27.54,28.82,27.54,28.342,2714185
2010-01-05,28.83,29.43,28.662,29.383,3139061
2010-01-06,29.198,29.528,29.015,29.463,1547639
2010-01-07,29.077,29.501,29.062,29.422,1870936
2010-01-08,29.677,29.895,28.902,29.022,1254901
2010-01-11,29.501,29.622,29.342,29.422,1107473
2010-01-12,29.182,29.334,28.439,28.807,1638114
2010-01-13,28.742,28.807,28.446,28.653,1180861
2010-01-14,28.82,28.902,28.085,28.566,1604437
2010-01-15,28.421,28.814,28.085,28.102,918049
2010-01-18,28.181,28.621,28.148,28.621,487356
2010-01-19,28.421,28.653,28.102,28.653,1285095
2010-01-20,28.518,29.062,28.518,28.82,1327045
2010-01-21,28.662,28.783,28.173,28.765,1448371
2010-01-22,28.27,28.477,27.558,27.621,2578594
2010-01-25,27.54,27.79,27.301,27.701,1243947
2010-01-26,27.22,27.413,26.973,27.301,972242
2010-01-27,27.133,27.381,26.876,26.9,1701813
2010-01-28,27.157,27.252,26.436,26.62,1298774
2010-01-29,26.444,27.164,26.26,27.02,1039924
2010-02-01,26.973,27.293,26.701,26.764,523931
2010-02-02,27.349,27.662,27.02,27.381,1665994
2010-02-03,27.701,27.958,27.413,27.662,2008120
2010-02-04,27.549,27.604,26.035,26.26,1771322
2010-02-05,26.021,26.42,25.059,25.22,2088846
2010-02-08,25.62,25.78,24.738,25.1,1401046
2010-02-09,25.22,25.948,25.14,25.38,1378758
2010-02-10,25.516,26.219,25.516,25.94,1432329
2010-02-11,26.101,26.172,24.779,24.858,1522376
2010-02-12,25.22,25.491,24.858,25.042,1128019
2010-02-15,25.444,25.532,24.827,25.428,973979
2010-02-16,25.62,25.755,25.14,25.539,1356304
2010-02-17,26.101,26.251,25.701,25.899,1170154
2010-02-18,25.916,25.979,25.22,25.22,1384120
2010-02-19,25.14,25.788,24.9,25.539,594440
2010-02-22,25.94,26.139,25.459,26.139,992781
2010-02-23,26.211,26.219,25.363,25.363,1036866
2010-02-24,25.348,25.459,24.98,25.178,952012
2010-02-25,25.38,26.026,25.22,25.477,2573509
2010-02-26,25.859,26.211,25.411,26.211,1713950
2010-03-01,26.26,26.652,25.78,26.652,503614
2010-03-02,26.62,27.781,26.436,27.54,1205633
2010-03-03,27.614,27.861,27.26,27.621,759324
2010-03-04,27.54,27.981,27.355,27.701,1353202
2010-03-05,27.621,28.382,27.621,28.302,1253153
2010-03-08,28.542,28.75,28.382,28.662,1889475
2010-03-09,28.742,28.742,28.062,28.501,1724986
2010-03-10,28.462,28.983,28.396,28.662,1506156
2010-03-11,28.671,28.807,28.318,28.349,971473
2010-03-12,28.758,29.133,28.462,28.646,1647315
2010-03-15,28.807,28.973,28.349,28.477,934523
2010-03-16,28.462,29.455,28.462,29.383,2504868
2010-03-17,29.631,31.103,29.631,30.503,3746352
2010-03-18,30.422,30.863,30.302,30.351,3212656
2010-03-19,30.142,31.143,30.142,30.344,7157152
2010-03-22,30.422,30.742,29.582,30.623,872133
2010-03-23,30.742,30.985,30.608,30.736,1331346
2010-03-24,30.816,31.214,30.688,30.985,1341256
2010-03-25,31.183,31.945,30.991,31.704,2137622
2010-03-26,31.976,31.976,30.985,30.985,2012427
2010-03-29,31.224,31.423,30.823,30.903,1155454
2010-03-30,31.224,31.385,31.04,31.264,619095
2010-03-31,31.143,31.736,31.065,31.065,1548941
2010-04-01,31.304,31.608,31.024,31.143,2197363
2010-04-06,31.423,31.575,30.903,31.544,1847113
2010-04-07,31.544,31.6,30.511,30.936,2482615
2010-04-08,30.784,30.784,30.112,30.118,1174752
2010-04-09,30.351,30.664,30.326,30.376,2781438
2010-04-12,30.422,30.646,30.192,30.391,2259185
2010-04-13,30.391,30.503,30.102,30.344,3030967
2010-04-14,30.384,30.664,30.031,30.664,1982424
2010-04-15,30.831,30.903,30.463,30.799,1451237
2010-04-16,30.584,31.065,30.422,30.823,1726008
2010-04-19,30.183,30.494,29.663,29.743,1906711
2010-04-20,29.983,30.742,29.863,30.344,1013880
2010-04-21,30.823,30.823,30.351,30.584,1523195
2010-04-22,30.823,30.863,29.463,29.591,1547001
2010-04-23,29.863,30.031,29.342,29.663,834968
2010-04-26,30.407,30.975,29.822,30.447,1106669
2010-04-27,30.656,30.985,30.319,30.416,1241293
2010-04-28,30.407,30.407,29.542,29.542,1997064
2010-04-29,29.654,30.903,29.638,30.511,1461413
2010-04-30,31.024,31.625,30.84,31.312,1994408
2010-05-04,31.625,31.704,29.815,29.815,2265347
2010-05-05,29.702,30.015,29.542,29.799,1654304
2010-05-06,29.622,30.023,29.222,29.501,1839794
2010-05-07,28.671,29.501,28.494,28.494,3601568
2010-05-10,29.222,29.959,29.222,29.895,1138076
2010-05-11,29.463,30.142,29.463,30.142,1445538
2010-05-12,30.102,30.84,29.663,30.584,1838421
2010-05-13,31.143,31.256,30.463,31.056,1243802
2010-05-14,30.584,31.175,30.102,30.102,1547330
2010-05-17,29.863,31.143,29.863,31.065,1344620
2010-05-18,31.079,31.625,31.079,31.528,1666639
2010-05-19,31.224,31.239,30.142,30.664,3222756
2010-05-20,30.671,30.96,28.918,29.942,2276598
2010-05-21,30.183,30.344,28.573,29.142,2199627
2010-05-24,29.551,29.606,28.662,29.494,876145
2010-05-25,28.662,29.102,28.518,28.621,1436618
2010-05-26,29.062,29.926,28.742,29.383,2751739
2010-05-27,29.622,30.15,29.422,30.102,1678727
2010-05-28,30.023,30.703,29.878,30.703,1469899
2010-05-31,30.584,31.065,30.511,30.823,1329797
2010-06-01,30.575,30.584,29.83,29.863,908660
2010-06-02,29.991,30.712,29.567,30.712,1065216
2010-06-04,30.952,31.201,29.599,30.023,1125356
2010-06-07,29.622,30.159,29.542,29.983,1112753
2010-06-08,29.902,30.319,29.463,29.615,2297284
2010-06-09,29.863,30.335,29.615,29.702,1624521
2010-06-10,29.622,29.959,29.279,29.775,2448006
2010-06-11,29.975,30.039,29.501,29.942,1866325
2010-06-14,30.174,30.688,30.023,30.584,1324153
2010-06-15,30.344,30.84,30.344,30.623,1392319
2010-06-16,31.465,31.465,30.664,30.831,1099318
2010-06-17,31.015,31.129,30.031,30.463,934069
2010-06-18,30.565,30.799,30.167,30.776,2906321
2010-06-21,31.024,31.336,30.784,30.903,840794
2010-06-22,30.88,31.103,30.422,30.64,881255
2010-06-23,30.023,30.422,29.967,30.102,576833
2010-06-24,30.254,30.471,29.735,29.902,1063460
2010-06-25,30.183,30.208,29.782,30.023,1025344
2010-06-28,30.031,30.095,29.782,30.023,573959
2010-06-29,29.863,29.863,28.943,29.142,1102678
2010-06-30,29.158,29.302,28.102,28.406,1598064
2010-07-01,28.189,28.918,28.069,28.486,803387
2010-07-02,28.797,29.606,28.51,29.606,836308
2010-07-05,29.47,29.542,29.182,29.463,462600
2010-07-06,29.542,29.822,29.542,29.822,1017174
2010-07-07,29.463,29.902,29.222,29.854,656006
2010-07-08,30.264,30.264,29.47,29.782,1384662
2010-07-09,29.782,29.934,29.487,29.726,764940
2010-07-12,29.743,30.575,29.646,30.264,1118584
2010-07-13,30.118,30.736,30.118,30.503,1298780
2010-07-14,30.742,31.04,30.431,30.903,923220
2010-07-15,30.985,31.143,30.688,30.823,497589
2010-07-16,30.823,31.143,30.664,30.784,528640
2010-07-19,30.736,30.943,30.183,30.742,1445903
2010-07-20,30.831,30.975,30.102,30.344,1986927
2010-07-21,30.664,31.04,30.431,31.04,859531
2010-07-22,30.799,31.608,30.671,31.343,1341932
2010-07-23,31.544,31.784,31.312,31.778,660813
2010-07-26,31.904,32.024,31.664,32.024,1345716
2010-07-27,32.104,32.185,31.625,31.833,1041223
2010-07-28,31.784,32.016,31.56,31.704,436010
2010-07-29,32.041,32.113,31.423,31.664,753804
2010-07-30,31.824,31.833,30.92,31.264,718972
2010-08-02,31.304,33.306,31.264,32.945,2494970
2010-08-03,32.904,33.384,32.6,33.185,1505048
2010-08-04,33.106,33.618,33.106,33.569,1365258
2010-08-05,33.522,33.817,33.306,33.578,1638397
2010-08-06,33.578,33.666,33.144,33.626,894510
2010-08-09,33.666,33.785,33.064,33.064,770589
2010-08-10,32.841,32.945,31.985,32.2,1890093
2010-08-11,31.952,32.016,31.4,31.64,1412730
2010-08-12,31.625,32.257,31.336,32.257,846114
2010-08-13,32.264,32.264,31.343,31.343,1040069
2010-08-16,31.697,32.024,31.544,32.024,567768
2010-08-17,32.024,32.666,31.856,32.554,1100536
2010-08-18,32.504,32.504,31.881,31.896,1317028
2010-08-19,32.145,32.185,30.823,31.544,1327051
2010-08-20,31.224,31.224,30.664,30.936,1219435
2010-08-23,30.903,31.64,30.823,31.408,834498
2010-08-24,31.111,31.111,30.264,30.384,1064726
2010-08-25,30.422,30.703,30.023,30.023,1284529
2010-08-26,30.384,30.703,30.264,30.471,872486
2010-08-27,30.384,31.143,30.272,31.143,501130
2010-08-30,31.065,31.129,30.422,30.584,827284
2010-08-31,30.344,31.134,29.83,31.134,1603078
2010-09-01,30.903,32.024,30.736,32.024,908762
2010-09-02,32.016,32.104,31.729,31.945,733541
2010-09-03,31.945,32.424,31.881,32.345,637745
2010-09-06,32.424,32.904,32.28,32.585,1123934
2010-09-07,32.705,32.785,32.153,32.264,513449
2010-09-08,32.441,33.13,32.377,32.824,861805
2010-09-09,33.136,33.384,32.744,32.992,641338
2010-09-10,32.985,33.225,32.666,32.824,963365
2010-09-13,33.546,33.569,32.873,32.873,606715
2010-09-14,32.873,33.185,32.432,32.985,843125
2010-09-15,33.136,33.136,32.666,32.985,480878
2010-09-16,32.744,32.744,32.417,32.417,718941
2010-09-17,32.785,32.785,31.744,31.744,2967854
2010-09-20,31.744,32.153,31.697,32.104,827016
2010-09-21,32.104,32.744,32.104,32.424,1000599
2010-09-22,32.424,32.504,32.032,32.264,398960
2010-09-23,32.257,32.257,31.712,31.744,1009782
2010-09-24,31.856,32.36,31.584,32.224,999268
2010-09-27,32.289,32.472,31.881,32.417,963995
2010-09-28,32.233,32.264,31.664,31.664,1943678
2010-09-29,32.024,32.176,31.704,31.72,1393558
2010-09-30,31.72,32.224,31.704,32.024,1358742
2010-10-01,31.999,31.999,31.408,31.856,1127118
2010-10-04,31.84,31.976,31.129,31.778,3885745
2010-10-05,31.56,32.185,31.544,32.056,2178841
2010-10-06,32.264,32.671,32.153,32.216,2419896
2010-10-07,32.32,32.32,31.376,31.376,2279803
2010-10-08,31.625,31.736,31.088,31.183,1215500
2010-10-11,31.385,31.937,31.304,31.615,915521
2010-10-12,31.304,32.016,31.239,31.945,1420661
2010-10-13,32.345,32.785,32.176,32.744,1785464
2010-10-14,32.744,33.258,32.529,32.737,1050691
2010-10-15,32.744,32.824,31.945,31.945,1037804
2010-10-18,31.904,31.945,31.544,31.704,2251288
2010-10-19,31.625,31.704,31.065,31.343,1666710
2010-10-20,31.224,31.697,31.134,31.415,2603834
2010-10-21,31.704,32.185,31.625,31.864,3506576
2010-10-22,31.864,31.904,31.568,31.744,1099026
2010-10-25,31.985,32.056,31.584,31.584,695515
2010-10-26,31.584,31.864,31.385,31.856,1042434
2010-10-27,31.744,32.185,31.391,31.872,2193394
2010-10-28,32.016,32.08,31.736,31.945,664326
2010-10-29,32.385,32.424,31.991,32.192,1249772
2010-11-02,32.424,33.098,32.353,32.904,1509200
2010-11-03,32.921,33.505,32.921,33.353,1855723
2010-11-04,33.474,35.556,33.474,35.548,6485114
2010-11-05,35.556,37.211,35.482,36.683,4212458
2010-11-08,36.66,36.909,35.796,36.027,2605550
2010-11-09,36.027,37.228,35.796,37.228,1447790
2010-11-10,37.108,37.131,35.876,35.876,1707943
2010-11-12,35.027,35.851,35.027,35.548,3417649
2010-11-15,35.227,35.747,35.194,35.386,1508374
2010-11-16,35.386,35.386,34.266,34.426,3299006
2010-11-17,34.073,34.594,34.073,34.402,1236859
2010-11-18,34.986,35.131,34.241,34.546,1442817
2010-11-19,34.45,34.746,34.066,34.506,1276411
2010-11-22,34.817,34.817,34.266,34.586,1572204
2010-11-23,34.586,34.938,34.346,34.746,2412332
2010-11-24,34.906,35.38,34.634,35.227,2916068
2010-11-25,35.505,36.124,35.235,35.916,1699821
2010-11-26,35.724,35.996,34.827,35.586,992624
2010-11-29,35.548,35.586,34.875,34.906,358198
2010-11-30,35.307,35.581,34.586,34.586,1958769
2010-12-01,35.066,35.948,35.066,35.948,1338631
2010-12-02,36.027,37.221,36.027,37.221,1805602
2010-12-03,37.228,37.621,36.531,36.989,1168361
2010-12-06,36.909,37.197,36.436,37.108,983805
2010-12-07,37.108,38.662,37.108,38.405,1792873
2010-12-08,38.421,38.589,38.124,38.589,1381403
2010-12-09,38.749,39.47,38.645,39.19,3091380
2010-12-10,39.463,39.463,38.749,39.069,1365744
2010-12-13,39.23,39.543,38.989,39.23,1284613
2010-12-14,38.958,39.454,38.446,38.7,1953781
2010-12-15,38.589,38.822,38.446,38.686,580386
2010-12-16,38.47,38.749,38.117,38.428,1381907
2010-12-17,38.149,38.781,37.908,38.677,2694923
2010-12-20,38.629,38.79,38.294,38.622,867067
2010-12-21,38.348,39.502,38.348,39.23,882816
2010-12-22,39.35,39.67,39.23,39.23,1125377
2010-12-23,39.069,39.431,39.069,39.077,524820
2010-12-27,39.389,39.389,38.668,38.668,647465
2010-12-28,38.838,39.334,37.975,37.975,473509
2010-12-29,38.813,38.813,38.461,38.668,617439
2010-12-30,38.509,38.829,37.524,37.63,1073411
2010-12-31,37.63,37.708,36.667,36.667,1107235
2011-01-03,36.909,37.932,36.909,37.861,848340
2011-01-04,38.181,38.188,36.676,36.676,1092213
2011-01-05,36.74,36.805,35.739,36.179,1214584
2011-01-07,36.667,36.667,35.787,36.268,1376253
2011-01-10,36.228,36.228,35.307,35.586,1340737
2011-01-11,35.868,36.21,35.386,35.811,1532066
2011-01-12,35.868,38.205,35.827,38.037,4001371
2011-01-13,38.084,38.205,37.316,38.141,1726879
2011-01-14,37.812,38.813,37.749,38.109,1687719
2011-01-17,38.414,38.7,38.269,38.589,1363710
2011-01-18,38.982,39.51,38.428,39.23,1495365
2011-01-19,39.493,39.493,38.276,38.276,999115
2011-01-20,38.276,38.276,36.916,36.916,2149920
2011-01-21,37.228,38.005,37.197,37.852,1279132
2011-01-24,37.63,37.789,36.667,37.676,1412436
2011-01-25,37.924,37.949,36.923,36.995,1223472
2011-01-26,37.268,38.677,37.268,38.269,1367047
2011-01-27,38.269,38.269,37.484,38.029,1179568
2011-01-28,38.029,39.046,37.789,38.348,1809086
2011-01-31,37.828,38.188,37.268,38.188,1479792
2011-02-01,38.389,38.565,37.876,38.188,1345852
2011-02-02,38.428,38.654,37.268,37.268,1123800
2011-02-03,37.63,38.053,37.108,37.221,508313
2011-02-04,37.708,38.294,37.252,37.252,800760
2011-02-07,37.364,37.756,36.932,36.932,1134909
2011-02-08,37.349,37.356,36.027,36.484,2826609
2011-02-09,36.427,36.444,35.954,36.308,2448514
2011-02-10,36.347,36.492,35.954,35.954,2259360
2011-02-11,35.987,36.909,35.628,36.749,1492711
2011-02-14,36.989,37.188,36.427,36.46,659979
2011-02-15,36.508,36.811,35.787,35.787,660728
2011-02-16,36.228,36.236,35.635,36.106,856086
2011-02-17,36.324,36.324,35.066,35.147,1435503
2011-02-18,35.395,35.706,34.714,35.347,737480
2011-02-21,35.347,35.691,34.746,35.571,774039
2011-02-22,35.467,36.667,35.227,35.987,970113
2011-02-23,36.387,36.508,36.052,36.427,979267
2011-02-24,36.027,36.955,35.876,36.106,1328210
2011-02-25,36.508,36.531,35.876,35.876,699393
2011-02-28,36.036,36.588,36.036,36.508,2751795
2011-03-01,36.452,36.531,36.068,36.427,639298
2011-03-02,36.106,36.989,35.876,36.989,644062
2011-03-03,37.797,38.589,37.684,38.188,5899651
2011-03-04,38.79,39.734,38.79,39.734,5011045
2011-03-07,39.734,41.071,39.413,40.43,3452199
2011-03-08,40.669,40.75,39.326,39.407,2405111
2011-03-09,39.413,40.392,39.413,40.191,1570164
2011-03-10,39.87,40.27,39.591,40.07,1574779
2011-03-11,39.486,40.43,39.431,40.43,1690155
2011-03-14,40.551,41.791,40.03,40.349,3287684
2011-03-15,39.63,40.392,38.933,40.03,2301429
2011-03-16,40.75,40.75,39.47,39.822,1570061
2011-03-17,40.03,41.233,39.87,41.233,1018007
2011-03-18,41.631,41.832,40.75,41.631,3068278
2011-03-21,41.991,42.833,41.471,42.193,1077322
2011-03-22,42.071,42.713,41.752,41.752,1633275
2011-03-23,41.471,41.991,41.233,41.631,1298540
2011-03-24,41.432,42.032,41.432,41.631,1059808
2011-03-25,41.631,42.433,41.27,42.232,738071
2011-03-28,42.032,42.672,41.791,42.232,826328
2011-03-29,42.272,42.992,41.952,42.113,1021545
2011-03-30,42.913,43.713,41.752,41.752,1760011
2011-03-31,42.272,42.713,41.791,42.151,1544217
2011-04-01,42.433,44.914,42.433,44.914,2789937
2011-04-04,44.794,45.954,44.593,45.194,1680270
2011-04-05,45.233,45.555,44.474,45.233,1142852
2011-04-06,45.314,47.115,45.314,46.034,2458307
2011-04-07,46.316,46.596,44.553,45.233,1411757
2011-04-08,45.835,46.115,45.074,45.634,2795960
2011-04-11,46.034,46.354,45.634,46.354,767611
2011-04-12,45.835,45.954,44.993,45.555,1439273
2011-04-13,45.835,46.155,45.475,46.034,776530
2011-04-14,45.756,45.915,45.155,45.634,636547
2011-04-15,45.634,45.954,45.155,45.795,510955
2011-04-18,45.795,45.874,44.753,44.993,932333
2011-04-19,44.955,45.194,44.233,45.155,914813
2011-04-20,45.634,46.516,45.555,45.675,1762858
2011-04-21,46.195,46.195,45.074,45.475,1003868
2011-04-26,45.634,46.034,44.833,46.034,598541
2011-04-27,45.835,45.874,44.794,45.194,1827292
2011-04-28,45.555,45.555,43.794,44.274,1042653
2011-04-29,44.274,44.313,43.794,44.274,953068
2011-05-02,44.514,44.514,43.313,44.033,642895
2011-05-04,43.632,43.794,42.592,43.032,2572181
2011-05-05,42.793,43.032,41.551,42.113,2276631
2011-05-06,42.032,42.513,41.59,42.392,3487342
2011-05-09,42.433,42.713,41.991,42.193,1624833
2011-05-10,42.193,42.952,42.113,42.833,886276
2011-05-11,43.153,43.153,42.071,42.352,992025
2011-05-12,42.032,42.032,40.712,41.551,1573650
2011-05-13,41.952,42.312,41.19,41.233,1098466
2011-05-16,40.95,41.39,40.349,40.832,1406154
2011-05-17,40.832,41.111,40.471,40.471,932393
2011-05-18,40.912,41.912,40.912,41.551,1713613
2011-05-19,41.551,42.352,40.792,40.792,1199616
2011-05-20,41.233,41.872,41.19,41.19,431137
2011-05-23,40.669,41.031,40.231,40.912,895683
2011-05-24,41.312,41.312,40.912,41.071,873191
2011-05-25,40.832,41.151,40.471,41.111,564098
2011-05-26,41.151,42.352,41.151,41.912,1564986
2011-05-27,41.912,42.392,41.912,42.193,1181042
2011-05-30,42.433,42.433,42.151,42.272,232356
2011-05-31,42.471,43.593,42.433,43.233,2281578
2011-06-01,43.393,43.513,42.833,42.913,616265
2011-06-02,42.433,42.952,42.312,42.433,2068874
2011-06-03,42.471,42.592,41.551,41.832,3109482
2011-06-06,41.991,42.113,41.551,41.712,680257
2011-06-07,41.872,42.633,41.712,42.633,701060
2011-06-08,42.433,42.513,42.113,42.113,738380
2011-06-09,42.312,42.552,41.471,42.151,1148238
2011-06-10,42.151,42.433,41.551,41.712,438881
2011-06-13,41.832,42.312,41.752,42.032,335953
2011-06-14,42.272,42.513,41.991,42.232,483346
2011-06-15,42.071,42.272,41.752,41.872,673128
2011-06-16,41.471,41.872,41.19,41.59,841274
2011-06-17,41.791,42.272,41.27,42.272,2530606
2011-06-20,41.791,42.193,41.631,41.631,562323
2011-06-21,41.912,42.552,41.712,42.032,1378236
2011-06-22,41.991,42.193,40.95,40.95,1745297
2011-06-24,41.151,41.35,40.712,41.312,795649
2011-06-27,40.991,41.151,40.511,40.832,386667
2011-06-28,40.632,40.95,40.511,40.75,838206
2011-06-29,41.19,41.832,41.111,41.312,911191
2011-06-30,41.631,41.631,40.87,41.432,1078097
2011-07-01,41.631,42.232,41.631,41.912,1462537
2011-07-04,42.113,42.392,41.631,41.631,448366
2011-07-05,41.832,42.272,41.631,41.631,561385
2011-07-06,41.872,41.872,41.111,41.39,1028082
2011-07-07,41.551,42.471,41.432,42.471,1369381
2011-07-08,42.312,42.513,41.39,42.272,940785
2011-07-11,41.712,42.193,41.233,41.233,855796
2011-07-12,40.991,40.991,40.231,40.75,1495695
2011-07-13,40.95,40.991,39.886,40.03,1065006
2011-07-14,40.015,40.07,39.413,39.47,1181754
2011-07-15,39.236,39.574,38.933,39.069,1158549
2011-07-18,38.524,38.829,37.164,37.221,1663309
2011-07-19,37.556,37.63,36.595,36.749,3171031
2011-07-20,37.228,37.3,35.827,36.027,3596098
2011-07-21,36.292,37.332,35.706,36.588,13299648
2011-07-22,36.949,37.861,36.828,37.861,5650581
2011-07-25,37.908,38.029,37.493,37.621,1953099
2011-07-26,37.684,38.029,37.468,37.63,518101
2011-07-27,37.468,37.63,36.555,36.828,1240407
2011-07-28,36.187,37.493,36.187,37.493,1216949
2011-07-29,36.995,37.452,36.627,37.452,1554535
2011-08-01,37.949,38.029,36.852,37.068,1252529
2011-08-02,36.683,37.044,36.043,36.228,1144319
2011-08-03,35.586,35.859,34.185,34.707,2143015
2011-08-04,34.746,34.962,31.52,32.705,2949392
2011-08-05,30.742,33.585,30.664,32.753,4074508
2011-08-08,32.048,33.034,29.886,31.031,3269053
2011-08-09,31.704,31.945,28.99,29.631,4298014
2011-08-10,30.416,30.584,25.067,27.228,4717959
2011-08-11,27.381,28.758,26.268,28.598,4661605
2011-08-12,28.734,30.102,28.262,29.622,3269333
2011-08-16,30.023,30.416,29.302,30.416,1780947
2011-08-17,30.344,31.64,30.039,31.224,2272202
2011-08-18,31.214,31.214,27.861,27.861,3458212
2011-08-19,27.981,29.351,26.525,27.87,2656186
2011-08-22,27.989,30.183,27.941,29.542,1822313
2011-08-23,29.542,30.295,28.501,29.615,1524793
2011-08-24,29.91,30.367,28.911,29.622,1171627
2011-08-25,30.023,30.023,28.262,29.046,1541389
2011-08-26,29.214,29.743,28.421,29.743,692774
2011-08-29,29.822,30.422,29.47,30.15,744467
2011-08-30,30.447,30.584,30.183,30.431,1608928
2011-08-31,30.742,31.697,30.503,31.697,3299531
2011-09-01,31.465,31.625,30.84,31.465,1839941
2011-09-02,31.065,31.224,30.039,30.44,1799307
2011-09-05,29.942,29.942,28.518,28.581,856386
2011-09-06,29.102,29.591,28.197,28.966,1496279
2011-09-07,29.542,30.245,29.222,30.245,1353576
2011-09-08,30.335,30.584,29.142,30.391,1182809
2011-09-09,29.743,29.951,28.382,29.142,2516246
2011-09-12,28.82,28.82,27.628,28.421,1254286
2011-09-13,28.82,29.222,28.094,28.742,1776899
2011-09-14,28.581,29.142,28.102,28.581,1528140
2011-09-15,28.638,30.326,28.581,30.055,1592459
2011-09-16,30.183,30.431,29.638,29.942,2213187
2011-09-19,29.23,29.494,28.59,29.302,1336221
2011-09-20,28.82,29.91,28.75,29.542,1031466
2011-09-21,29.342,29.863,29.334,29.542,1832093
2011-09-22,28.214,28.742,26.828,26.828,2489864
2011-09-23,26.973,27.27,24.282,25.859,3802733
2011-09-26,25.082,28.005,24.763,26.42,2231143
2011-09-27,27.765,28.621,27.389,28.197,2681263
2011-09-28,28.005,28.902,27.876,28.703,2332165
2011-09-29,28.462,30.422,28.358,28.902,3135328
2011-09-30,29.702,29.782,28.285,29.214,1582709
2011-10-03,28.742,28.742,27.27,28.022,1737017
2011-10-04,27.861,27.861,26.021,27.205,2064182
2011-10-05,27.852,28.462,27.621,28.462,1502985
2011-10-06,28.742,29.31,27.324,28.333,1680878
2011-10-07,28.542,28.734,27.549,27.861,1088925
2011-10-10,28.486,29.501,27.949,29.455,1690138
2011-10-11,29.615,29.854,29.022,29.582,1214815
2011-10-12,29.615,31.191,29.351,30.975,1416580
2011-10-13,31.065,31.423,30.102,30.422,1703813
2011-10-14,30.903,31.191,30.208,30.856,668377
2011-10-17,30.863,31.343,29.942,31.224,1427234
2011-10-18,30.063,30.776,29.902,30.776,1344759
2011-10-19,30.776,30.903,30.384,30.742,1483989
2011-10-20,30.264,30.503,29.959,30.023,2402941
2011-10-21,29.702,30.975,29.07,30.863,1709012
2011-10-24,31.031,31.465,30.84,31.423,1269613
2011-10-25,31.224,31.784,30.912,31.544,1246223
2011-10-26,31.504,31.729,30.599,30.823,1811537
2011-10-27,31.704,32.6,31.391,32.424,1423274
2011-10-28,32.424,32.567,31.704,32.224,969426
2011-10-31,32.024,32.088,31.304,31.584,1291033
2011-11-02,31.304,32.009,30.063,32.009,1828930
2011-11-03,31.904,33.337,31.423,33.136,2079359
2011-11-04,33.37,33.37,31.625,31.991,2430688
2011-11-07,31.712,32.705,31.625,32.625,1716428
2011-11-08,32.464,33.185,32.464,32.785,734842
2011-11-09,32.824,32.954,31.784,31.985,1596126
2011-11-10,31.744,32.377,30.952,31.791,1472863
2011-11-14,32.385,32.666,31.625,32.024,966337
2011-11-15,31.784,32.169,30.791,30.808,1519478
2011-11-16,30.823,31.423,30.503,31.423,1447909
2011-11-17,31.256,31.319,30.431,30.463,1443092
2011-11-18,30.422,31.159,30.063,30.44,1486152
2011-11-21,30.422,30.831,29.663,29.702,1502002
2011-11-22,30.159,30.159,29.422,29.863,1578903
2011-11-23,29.622,30.023,29.262,29.342,1072486
2011-11-24,29.631,29.822,28.046,29.542,1474197
2011-11-25,29.286,30.198,28.911,29.646,1199018
2011-11-28,30.183,30.903,30.183,30.823,905015
2011-11-29,30.632,31.471,30.344,30.422,888778
2011-11-30,30.88,32.337,30.055,32.176,1832057
2011-12-01,32.185,32.729,31.801,31.824,969605
2011-12-02,32.304,32.504,31.071,31.304,774320
2011-12-05,31.991,33.058,31.4,32.904,1514148
2011-12-06,32.567,32.904,31.512,31.632,757980
2011-12-07,31.632,32.097,30.59,31.214,1257605
2011-12-08,31.385,31.704,30.272,30.416,934737
2011-12-09,29.919,31.224,29.83,30.823,2042567
2011-12-12,30.344,30.903,29.671,29.671,755661
2011-12-13,29.942,30.455,29.222,29.791,1281117
2011-12-14,29.822,29.822,28.605,28.83,1100184
2011-12-15,28.82,29.533,28.526,28.526,1393500
2011-12-16,28.814,29.086,27.718,27.718,3816144
2011-12-19,27.861,28.181,26.507,26.996,1619891
2011-12-20,26.86,27.773,26.5,27.446,824809
2011-12-21,27.621,27.828,26.42,27.116,1300343
2011-12-22,26.781,26.98,26.539,26.74,744264
2011-12-23,26.819,27.181,26.612,27.02,316051
2011-12-27,27.213,27.213,26.885,27.06,226474
2011-12-28,27.213,27.22,26.98,27.101,595353
2011-12-29,27.22,27.355,26.5,27.029,507961
2011-12-30,26.973,27.14,26.748,27.14,511939
2012-01-02,27.133,28.421,26.98,28.421,415394
2012-01-03,28.59,28.621,27.804,28.181,1886455
2012-01-04,28.181,28.389,27.662,28.229,1302814
2012-01-05,28.014,28.221,27.068,27.404,1523978
2012-01-09,27.773,27.773,26.484,26.869,1282716
2012-01-10,27.06,27.933,26.94,27.701,1521581
2012-01-11,27.861,27.885,26.909,27.213,1138290
2012-01-12,27.324,27.861,27.22,27.701,1821677
2012-01-13,28.014,28.262,26.9,27.181,717898
2012-01-16,27.14,27.828,27.076,27.701,820627
2012-01-17,28.229,28.934,28.173,28.662,2279913
2012-01-18,28.82,29.702,28.581,29.646,2249104
2012-01-19,29.863,29.942,29.351,29.582,2652316
2012-01-20,29.622,29.895,29.31,29.743,1197853
2012-01-23,29.677,30.183,29.446,30.183,1333581
2012-01-24,30.174,30.344,29.822,29.902,1288145
2012-01-25,30.264,30.278,29.478,29.622,951739
2012-01-26,29.599,29.84,29.142,29.622,3740997
2012-01-27,29.542,29.574,29.142,29.262,1627665
2012-01-30,29.255,29.622,29.022,29.622,1092822
2012-01-31,29.718,30.422,29.397,29.397,1762644
2012-02-01,29.767,30.221,29.582,30.221,1466912
2012-02-02,30.302,31.129,30.183,31.129,1362316
2012-02-03,31.134,31.704,30.847,31.385,1204105
2012-02-06,31.385,31.528,31.008,31.465,898153
2012-02-07,31.625,31.655,30.703,31.175,1484059
2012-02-08,30.422,31.296,30.422,31.056,1524327
2012-02-09,31.111,31.304,29.767,30.183,2067601
2012-02-10,30.039,30.241,29.086,29.702,1674148
2012-02-13,30.183,30.183,29.029,29.622,703331
2012-02-14,29.622,29.622,28.82,28.82,1348503
2012-02-15,29.126,29.294,28.742,28.95,800851
2012-02-16,28.82,29.415,28.63,28.82,1216418
2012-02-17,29.383,29.519,29.077,29.463,1177876
2012-02-20,29.622,29.934,29.622,29.622,381615
2012-02-21,29.702,29.926,29.222,29.279,473161
2012-02-22,29.383,29.542,28.053,28.662,2364688
2012-02-23,28.742,29.006,28.206,28.206,1218964
2012-02-24,28.566,28.694,28.293,28.566,630943
2012-02-27,28.581,28.734,28.109,28.421,530112
2012-02-28,28.462,28.82,28.462,28.703,615877
2012-02-29,28.973,28.983,28.181,28.439,1416010
2012-03-01,28.037,28.285,28.037,28.285,1242901
2012-03-02,28.342,28.853,28.022,28.022,1348878
2012-03-05,28.229,28.382,28.022,28.342,1366688
2012-03-06,28.197,28.646,27.847,28.062,1048125
2012-03-07,27.861,28.414,27.621,28.342,1107705
2012-03-08,28.406,29.119,28.309,29.022,1472555
2012-03-09,29.054,29.133,28.853,28.853,1385743
2012-03-12,28.814,28.943,28.717,28.862,954921
2012-03-13,28.95,29.27,28.911,29.262,1435354
2012-03-14,29.463,30.221,29.422,30.023,1787244
2012-03-15,29.847,30.183,29.501,29.646,1149183
2012-03-16,29.782,30.007,29.663,29.872,2025954
2012-03-19,29.942,30.295,29.487,30.264,784797
2012-03-20,30.102,30.241,29.501,29.702,1721980
2012-03-21,29.622,30.503,29.622,30.422,2325284
2012-03-22,30.272,31.015,30.136,30.351,2554387
2012-03-23,30.422,31.423,30.422,31.111,1508278
2012-03-26,30.608,31.28,30.608,30.784,427597
2012-03-27,31.224,31.584,30.791,31.304,1923204
2012-03-28,31.12,31.6,30.695,30.831,1253814
2012-03-29,30.007,30.552,29.551,30.192,3464862
2012-03-30,30.422,30.528,29.567,29.902,2922023
2012-04-02,30.183,30.302,29.622,29.902,1136897
2012-04-03,30.023,30.679,29.942,30.302,2160582
2012-04-04,30.071,30.326,29.743,29.872,883840
2012-04-05,30.102,30.102,29.318,29.815,415858
2012-04-10,30.344,30.344,28.82,28.82,1352541
2012-04-11,28.934,29.599,28.934,29.109,1077648
2012-04-12,29.446,29.806,29.109,29.782,1008797
2012-04-13,29.743,29.847,29.27,29.27,974623
2012-04-16,29.383,29.75,29.23,29.39,1181556
2012-04-17,29.31,30.584,29.302,30.102,1675461
2012-04-18,30.416,31.024,30.264,30.264,1724600
2012-04-19,30.422,30.823,29.822,29.902,1533673
2012-04-20,30.023,30.055,29.567,29.743,1569241
2012-04-23,29.743,29.854,29.07,29.109,1151927
2012-04-24,29.222,29.582,29.07,29.222,1266082
2012-04-25,29.142,30.031,29.054,29.222,2253670
2012-04-26,29.463,29.759,28.902,29.359,2035377
2012-04-27,29.207,29.51,29.086,29.383,1724631
2012-04-30,29.327,29.542,29.198,29.455,625056
2012-05-02,29.615,29.615,28.82,28.82,669002
2012-05-04,28.82,28.918,28.022,28.373,2149954
2012-05-07,28.302,28.983,28.141,28.966,1409969
2012-05-08,29.062,29.062,28.03,28.062,1674619
2012-05-09,28.221,28.406,26.996,27.549,1902504
2012-05-10,27.742,28.014,27.308,27.861,1439564
2012-05-11,27.589,27.87,27.429,27.87,910021
2012-05-14,27.765,27.765,27.22,27.549,1974287
2012-05-15,27.549,27.837,26.909,27.068,955563
2012-05-16,26.74,27.045,26.093,26.924,2249072
2012-05-17,26.98,27.205,26.427,26.469,1603215
2012-05-18,26.34,27.246,25.948,26.98,1712008
2012-05-21,27.181,27.422,27.06,27.374,1080058
2012-05-22,27.374,27.941,27.22,27.628,1340475
2012-05-23,27.341,27.517,26.86,26.94,3338127
2012-05-24,27.213,27.355,26.39,27.101,907577
2012-05-25,27.22,27.694,26.9,27.389,929972
2012-05-28,27.621,27.773,27.22,27.341,820696
2012-05-29,27.422,28.014,27.318,27.965,503434
2012-05-30,27.709,27.861,26.66,27.422,931477
2012-05-31,27.14,27.459,26.572,26.62,2226529
2012-06-01,26.819,26.819,25.907,26.021,2124264
2012-06-04,26.045,26.725,25.78,26.451,662539
2012-06-05,26.66,26.66,25.636,25.636,857419
2012-06-06,25.916,26.26,25.171,26.139,1581605
2012-06-08,25.62,26.3,25.435,26.3,2194158
2012-06-11,26.5,27.213,26.34,26.819,1937797
2012-06-12,26.86,28.102,26.796,27.621,1651603
2012-06-13,27.742,28.022,27.459,28.005,976996
2012-06-14,27.997,28.173,27.669,28.173,810782
2012-06-15,28.262,29.142,28.014,28.862,2737299
2012-06-18,29.182,29.383,28.062,28.542,746379
2012-06-19,28.742,29.687,28.621,29.302,1199421
2012-06-20,29.334,29.767,29.142,29.567,1238790
2012-06-21,28.845,29.51,28.685,29.397,1267424
2012-06-22,28.878,29.142,28.862,28.983,677958
2012-06-25,28.983,29.095,28.581,28.662,816949
2012-06-26,28.82,29.463,28.638,29.262,2414051
2012-06-27,29.23,29.47,28.862,29.062,3059313
2012-06-28,29.182,29.383,28.934,29.222,1276891
2012-06-29,29.383,30.264,29.383,29.951,1401143
2012-07-02,29.463,30.407,29.463,30.264,711126
2012-07-03,29.782,30.623,29.782,30.264,908550
2012-07-04,30.422,31.056,30.023,30.671,1001658
2012-07-05,30.664,31.536,30.503,30.742,2158394
2012-07-06,30.903,31.143,30.503,30.975,1447492
2012-07-09,30.903,31.065,30.422,30.616,958180
2012-07-10,30.616,30.823,30.44,30.823,1229283
2012-07-11,30.599,30.703,30.254,30.344,1634175
2012-07-12,30.183,30.183,29.622,29.702,1051645
2012-07-13,29.726,29.926,29.663,29.863,784933
2012-07-16,29.942,30.511,29.718,30.503,647651
2012-07-17,30.575,30.575,30.023,30.023,2042824
2012-07-18,30.023,30.463,29.487,30.023,472328
2012-07-19,30.087,30.102,29.47,30.102,887979
2012-07-20,29.959,30.015,29.487,29.487,518044
2012-07-23,29.142,29.238,27.989,28.342,1452503
2012-07-24,28.581,28.87,28.318,28.814,971766
2012-07-25,28.382,29.015,28.333,28.783,1707982
2012-07-26,28.581,29.501,28.581,28.742,648253
2012-07-27,29.062,29.334,28.671,28.82,749142
2012-07-30,28.973,29.383,28.75,29.102,372613
2012-07-31,29.102,29.782,28.662,28.662,1847730
2012-08-01,28.983,29.43,28.82,29.31,874307
2012-08-02,29.255,29.743,28.838,29.542,952250
2012-08-03,29.533,30.102,29.455,29.622,1454575
2012-08-06,29.782,30.487,29.775,30.463,356570
2012-08-07,30.431,30.776,30.264,30.623,830929
2012-08-08,30.542,30.784,30.319,30.784,773767
2012-08-09,30.823,31.864,30.742,31.864,1107374
2012-08-10,31.744,31.864,31.423,31.784,997730
2012-08-13,31.544,31.768,31.143,31.143,432075
2012-08-14,31.544,31.704,31.201,31.495,436009
2012-08-16,31.945,31.96,31.191,31.191,883700
2012-08-17,31.015,31.129,30.216,30.422,1365254
2012-08-20,30.264,30.407,29.872,29.872,815982
2012-08-21,30.264,30.264,29.951,30.015,1365591
2012-08-22,30.023,30.023,29.397,29.559,973289
2012-08-23,29.854,29.959,29.591,29.83,5303545
2012-08-24,29.926,30.799,29.863,30.358,951945
2012-08-27,30.422,30.719,30.039,30.183,421122
2012-08-28,30.335,30.646,30.183,30.503,616798
2012-08-29,30.559,31.367,30.384,31.224,3193240
2012-08-30,31.224,31.991,30.863,30.999,4914740
2012-08-31,31.065,31.664,31.065,31.264,2183816
2012-09-03,31.544,32.16,31.343,32.121,1640558
2012-09-04,32.041,32.328,31.809,32.145,1011755
2012-09-05,31.913,32.241,31.704,32.024,2232315
2012-09-06,32.024,32.72,31.809,32.345,1339916
2012-09-07,32.345,34.411,32.32,34.411,3218653
2012-09-10,34.411,34.875,34.049,34.426,1322067
2012-09-11,34.026,34.394,33.841,34.033,1112840
2012-09-12,34.195,34.402,33.384,34.266,1570541
2012-09-13,34.114,34.634,34.073,34.379,1662224
2012-09-14,36.027,37.052,35.628,36.852,2435296
2012-09-17,36.427,36.949,35.505,36.106,1332866
2012-09-18,36.148,36.308,35.715,35.979,1342320
2012-09-19,36.02,36.236,35.715,35.906,1402835
2012-09-20,35.827,35.827,34.539,34.707,1418882
2012-09-21,34.842,35.107,34.307,34.346,2616106
2012-09-24,34.346,34.898,34.266,34.707,2901681
2012-09-25,34.827,35.147,34.754,35.107,1128624
2012-09-26,34.578,35.505,34.515,35.505,1641211
2012-09-27,35.683,36.427,35.499,36.427,2583565
2012-09-28,36.427,36.828,36.068,36.427,2587343
2012-10-01,36.364,36.588,36.283,36.308,2195467
2012-10-02,36.427,37.068,36.347,36.796,2669818
2012-10-03,36.828,36.867,36.46,36.516,1313077
2012-10-04,36.749,36.78,36.187,36.347,1239846
2012-10-05,36.387,36.692,36.155,36.667,1640389
2012-10-08,36.516,36.627,36.324,36.427,1019962
2012-10-09,36.427,36.427,35.892,35.948,1095369
2012-10-10,35.906,36.236,35.9,36.106,1111402
2012-10-11,36.172,36.588,36.01,36.419,1253536
2012-10-12,36.228,36.347,35.882,36.027,1207244
2012-10-15,36.268,36.387,35.892,36.387,495685
2012-10-16,36.989,36.989,36.027,36.26,1246444
2012-10-17,36.068,36.468,35.667,36.043,1327828
2012-10-18,36.164,36.164,34.827,35.38,6478909
2012-10-19,35.548,35.683,33.266,33.561,7316392
2012-10-22,33.578,33.76,33.002,33.546,2328366
2012-10-23,33.241,33.529,33.082,33.346,916129
2012-10-24,33.618,34.17,33.561,33.699,1333252
2012-10-25,33.699,34.346,33.699,34.018,1703935
2012-10-26,33.705,34.417,33.522,34.307,803256
2012-10-29,34.417,34.739,34.266,34.515,681113
2012-10-30,34.546,35.066,34.435,34.867,1020274
2012-10-31,34.986,35.347,34.668,35.066,905191
2012-11-02,35.298,35.298,33.826,33.841,1705521
2012-11-05,33.865,33.865,33.274,33.274,1207073
2012-11-06,33.546,33.898,33.241,33.898,1331939
2012-11-07,33.946,34.049,33.379,33.626,1231992
2012-11-08,33.626,33.642,33.144,33.425,889164
2012-11-09,33.529,33.529,32.689,33.329,496551
2012-11-12,33.546,34.066,33.465,33.865,602292
2012-11-13,33.865,35.386,33.76,35.386,2278520
2012-11-14,35.242,36.564,35.242,36.083,2798516
2012-11-15,35.227,36.508,35.027,35.954,1042691
2012-11-16,35.948,36.347,35.307,35.307,606932
2012-11-19,35.556,36.811,35.556,36.811,1393922
2012-11-20,36.787,37.197,36.667,37.164,967577
2012-11-21,36.852,37.588,36.852,37.228,1391024
2012-11-22,37.349,37.724,36.828,36.828,579805
2012-11-23,36.86,37.14,35.787,36.636,775532
2012-11-26,36.867,37.052,36.22,36.725,354894
2012-11-27,37.068,37.14,36.572,36.749,592040
2012-11-28,36.828,37.869,36.828,37.573,1891654
2012-11-29,37.949,38.229,37.884,38.181,513490
2012-11-30,38.238,38.238,36.588,36.588,2457825
2012-12-03,36.427,37.068,36.347,36.627,967691
2012-12-04,36.749,36.981,35.948,36.027,797553
2012-12-05,36.427,36.94,36.268,36.595,612919
2012-12-06,36.828,37.316,36.667,37.316,947424
2012-12-07,37.236,37.517,36.836,36.836,797781
2012-12-10,36.667,37.55,36.667,37.54,588915
2012-12-11,37.621,39.23,37.476,39.23,1172006
2012-12-12,39.038,39.35,38.47,39.19,1620283
2012-12-13,39.205,39.205,38.428,39.063,899338
2012-12-14,38.91,39.614,38.91,39.614,571926
2012-12-17,39.597,39.99,39.19,39.99,467935
2012-12-18,39.63,41.631,39.614,41.631,1402251
2012-12-19,42.032,42.992,41.712,42.392,3757742
2012-12-20,42.032,42.312,40.912,41.791,1639842
2012-12-21,41.312,41.551,39.886,40.75,2722395
2012-12-27,40.592,42.151,40.592,41.39,584166
2012-12-28,42.032,42.071,39.63,39.63,887827
2013-01-02,40.592,41.791,40.43,41.631,866313
2013-01-03,41.071,42.352,41.071,41.952,846324
2013-01-04,41.631,41.631,40.511,41.071,1484873
2013-01-07,40.87,40.912,39.63,39.79,1276891
2013-01-08,39.63,40.27,38.845,39.303,1313409
2013-01-09,39.549,39.607,39.069,39.389,555297
2013-01-10,39.622,40.27,38.509,39.03,1304398
2013-01-11,39.142,39.389,38.524,38.989,643594
2013-01-14,39.23,39.702,38.917,39.069,591934
2013-01-15,38.997,39.35,38.269,38.589,1789692
2013-01-16,38.509,40.27,38.3,40.27,1607677
2013-01-17,40.03,41.233,39.911,39.95,1121229
2013-01-18,39.63,40.792,39.549,40.349,1201463
2013-01-21,40.27,40.632,40.111,40.349,403381
2013-01-22,40.592,40.75,40.27,40.75,682682
2013-01-23,40.832,41.59,40.349,41.19,980249
2013-01-24,41.39,41.712,40.832,41.712,880008
2013-01-25,41.712,41.712,41.071,41.39,842438
2013-01-28,40.991,41.19,40.07,40.27,992176
2013-01-29,40.471,40.792,39.862,40.792,931601
2013-01-30,40.792,41.432,39.95,40.111,1376730
2013-01-31,40.03,40.43,39.23,39.23,1900557
2013-02-01,39.549,40.03,39.23,39.63,991483
2013-02-04,40.07,40.792,39.23,39.23,970345
2013-02-05,39.308,39.702,38.91,38.95,834128
2013-02-06,39.19,39.19,37.988,38.269,968084
2013-02-07,38.269,39.463,38.141,38.309,1116234
2013-02-08,38.55,39.407,38.55,39.03,1065563
2013-02-11,39.326,39.614,38.886,39.35,698859
2013-02-12,39.23,40.111,39.23,39.95,661915
2013-02-13,40.03,41.151,39.807,40.87,659630
2013-02-14,40.832,41.071,40.231,40.592,680633
2013-02-15,40.669,41.39,40.592,40.95,738839
2013-02-18,41.39,41.39,40.551,40.792,591923
2013-02-19,40.511,42.672,40.511,42.672,1844401
2013-02-20,42.672,43.272,42.312,42.433,2495275
2013-02-21,41.671,42.633,41.671,42.552,1941731
2013-02-22,42.513,43.272,42.433,43.032,1363482
2013-02-25,42.913,44.833,42.913,44.033,1666562
2013-02-26,43.433,43.593,42.392,42.433,1461482
2013-02-27,42.833,42.992,42.232,42.952,945020
2013-02-28,43.433,43.433,42.552,42.952,1006777
2013-03-01,43.272,44.033,43.073,43.953,743021
2013-03-04,43.393,44.194,43.393,43.474,901242
2013-03-05,43.873,44.794,43.754,44.794,1849170
2013-03-06,44.833,45.555,44.753,45.274,1282929
2013-03-07,45.274,45.434,44.593,44.833,588767
2013-03-08,45.155,45.954,44.955,45.475,900407
2013-03-11,45.194,45.555,44.033,44.033,812174
2013-03-12,44.433,44.715,44.194,44.353,484477
2013-03-13,44.233,44.313,42.873,43.632,1631914
2013-03-14,43.794,44.914,43.554,44.113,1033308
2013-03-15,44.673,45.233,43.833,43.833,3870973
2013-03-18,42.913,43.953,42.913,43.632,1038977
2013-03-19,43.554,43.873,42.952,43.632,716372
2013-03-20,43.433,43.913,43.073,43.632,891556
2013-03-21,43.313,43.554,41.631,42.513,1059697
2013-03-22,42.513,42.713,41.752,41.752,627764
2013-03-25,42.392,42.793,40.511,40.632,777834
2013-03-26,40.75,41.233,40.07,40.832,2126824
2013-03-27,40.712,42.992,40.551,42.992,543777
2013-03-28,41.631,42.272,41.111,41.151,1094394
2013-04-02,41.39,41.471,40.592,41.071,784188
2013-04-03,40.991,41.071,39.398,39.83,1642926
2013-04-04,39.903,40.349,39.431,39.879,1382814
2013-04-05,40.03,40.349,39.79,40.03,1600739
2013-04-08,40.712,40.712,39.87,40.03,1123470
2013-04-09,40.191,40.87,40.07,40.111,2118723
2013-04-10,40.349,41.151,40.349,40.95,2032116
2013-04-11,40.991,41.59,40.95,41.233,2232880
2013-04-12,41.111,41.312,40.991,41.19,1240171
2013-04-15,41.071,41.071,39.63,40.191,1131448
2013-04-17,40.669,40.669,39.421,40.03,2256023
2013-04-18,40.03,40.191,38.781,38.781,2126031
2013-04-19,38.91,39.15,37.805,38.029,1821397
2013-04-22,38.149,38.581,37.476,38.029,1313019
2013-04-23,38.029,38.188,37.789,38.117,1778881
2013-04-24,38.437,39.95,38.428,39.79,1519623
2013-04-25,39.95,39.99,38.829,39.421,1212742
2013-04-26,39.99,39.99,38.901,38.989,851642
2013-04-29,39.308,39.911,38.758,39.308,511639
2013-04-30,39.968,39.968,38.827,39.233,963966
2013-05-02,39.421,39.421,37.63,37.63,1191342
2013-05-06,38.333,38.38,37.708,37.821,1001877
2013-05-07,37.908,38.781,37.908,38.557,2021161
2013-05-08,38.557,39.158,38.348,39.158,919883
2013-05-09,39.19,39.374,38.428,38.989,650748
2013-05-10,38.989,38.989,38.428,38.686,427136
2013-05-13,38.686,39.069,38.117,39.069,901264
2013-05-14,39.069,39.967,38.845,39.63,1039792
2013-05-15,39.87,40.991,39.486,40.991,2144114
2013-05-16,40.991,41.35,40.43,40.991,891677
2013-05-17,40.669,41.776,40.669,41.319,490392
2013-05-20,41.631,41.912,41.319,41.39,511810
2013-05-21,41.151,41.36,40.511,40.669,939170
2013-05-22,40.592,41.59,40.359,41.151,1244375
2013-05-23,40.311,41.039,40.03,40.712,2348010
2013-05-24,40.592,41.59,40.463,41.233,561974
2013-05-27,41.471,43.626,41.471,43.626,902118
2013-05-28,43.272,43.768,42.992,43.136,1460720
2013-05-29,43.07,43.781,42.466,42.466,826014
2013-05-31,42.523,43.475,41.912,42.434,2431300
2013-06-03,41.801,42.424,41.656,42.071,1605626
2013-06-04,42.071,42.713,41.961,42.633,1845033
2013-06-05,42.592,43.201,42.113,43.073,1151588
2013-06-06,42.913,43.063,42.225,42.225,692854
2013-06-07,42.232,43.513,42.232,43.225,1058959
2013-06-10,42.913,43.457,42.913,43.393,871902
2013-06-11,43.239,43.554,42.352,42.945,972877
2013-06-12,42.719,43.233,42.719,42.864,264936
2013-06-13,42.401,42.625,42.071,42.071,1572655
2013-06-14,42.113,42.376,42.071,42.193,650103
2013-06-17,42.336,42.672,42.113,42.352,688474
2013-06-18,42.513,42.513,41.071,41.233,666955
2013-06-19,40.991,41.136,40.088,40.088,1858001
2013-06-20,39.63,40.158,38.029,38.029,1991470
2013-06-21,38.109,38.829,36.027,36.427,3612521
2013-06-24,36.676,37.293,36.355,36.667,726656
2013-06-25,37.068,37.484,36.588,37.068,1379309
2013-06-26,36.523,38.109,36.268,36.989,2062552
2013-06-27,36.989,37.228,33.865,35.628,3681308
2013-06-28,35.868,37.309,34.618,37.309,3055294
2013-07-01,37.468,38.323,36.989,38.181,1041806
2013-07-02,38.256,39.514,37.511,38.594,1115253
2013-07-03,38.149,38.429,37.71,38.232,1050688
2013-07-04,38.429,38.537,37.826,38.347,940983
2013-07-05,38.347,38.644,36.667,36.709,1200799
2013-07-08,36.828,36.909,36.027,36.027,979425
2013-07-09,36.031,36.801,34.988,36.801,1333507
2013-07-10,36.828,37.612,36.811,37.612,2369223
2013-07-11,38.029,38.428,38.029,38.309,603384
2013-07-12,38.429,39.182,38.108,39,982647
2013-07-15,39.087,39.087,38.037,38.838,1019443
2013-07-16,38.662,38.885,38.522,38.72,1510930
2013-07-17,38.867,39.059,38.678,38.985,1824011
2013-07-18,38.727,39.951,38.711,39.951,755095
2013-07-19,39.546,39.621,38.885,39.281,518041
2013-07-22,39.472,39.472,37.148,37.629,1622551
2013-07-23,37.065,37.578,36.536,37.412,2343740
2013-07-24,37.917,38.016,37.322,37.957,1254050
2013-07-25,38.05,38.05,36.809,37.223,1065516
2013-07-26,36.933,36.933,34.518,35.567,1606644
2013-07-29,35.402,36.329,35.071,36.329,929305
2013-07-30,36.296,36.296,35.617,35.94,733009
2013-07-31,35.982,36.791,35.824,35.94,965726
2013-08-01,36.601,36.89,35.66,35.692,820277
2013-08-02,35.982,37.802,35.899,37.18,1639944
2013-08-05,37.263,37.511,36.99,37.016,563378
2013-08-06,37.016,37.354,36.478,36.899,464186
2013-08-07,36.726,37.793,36.726,37.718,1086420
2013-08-08,37.793,38.405,37.736,37.802,747262
2013-08-09,38.008,38.008,37.247,37.553,593384
2013-08-12,37.718,37.868,37.091,37.396,425747
2013-08-13,37.387,37.71,36.859,37.097,747160
2013-08-14,37.223,37.859,37.097,37.479,636533
2013-08-16,37.479,37.718,37.016,37.016,867235
2013-08-19,37.223,37.387,36.643,37.223,256392
2013-08-20,36.809,36.85,35.924,36.23,495715
2013-08-21,36.437,36.89,36.23,36.526,548088
2013-08-22,36.643,38.447,36.487,38.207,2577115
2013-08-23,38.207,38.702,37.479,38.215,1141613
2013-08-26,38.215,38.836,38.132,38.668,606444
2013-08-27,38.199,38.421,37.479,37.511,1370861
2013-08-28,37.511,37.561,36.684,37.032,865785
2013-08-29,37.511,37.917,37.172,37.521,537244
2013-08-30,37.521,37.553,36.974,37.213,875619
2013-09-02,37.387,37.545,36.734,36.974,546958
2013-09-03,36.974,37.263,36.526,36.643,702830
2013-09-04,36.933,37.586,35.402,36.104,1004476
2013-09-05,35.493,35.857,33.417,34.327,1719488
2013-09-06,34.617,35.485,33.98,34.078,2679328
2013-09-09,34.575,34.682,33.789,34.682,1860039
2013-09-10,35.062,36.312,34.575,36.312,2011179
2013-09-11,36.312,36.395,35.459,36.395,1137588
2013-09-12,36.312,37.124,35.857,36.312,1335925
2013-09-13,35.982,36.147,35.577,35.651,1258472
2013-09-16,36.353,36.386,35.493,35.567,1139745
2013-09-17,35.567,36.097,35.146,35.774,1078170
2013-09-18,35.774,36.072,35.526,35.774,593716
2013-09-19,36.643,36.884,36.222,36.717,988938
2013-09-20,36.717,37.387,36.272,37.13,1569191
2013-09-23,36.933,37.636,36.693,37.231,573652
2013-09-24,37.636,37.677,37.156,37.677,635809
2013-09-25,37.43,37.76,37.231,37.263,670965
2013-09-26,37.528,37.694,37.106,37.231,478194
2013-09-27,37.495,37.545,36.909,37.223,519886
2013-09-30,37.057,37.057,36.478,36.519,739332
2013-10-01,36.395,37.172,36.329,37.172,473899
2013-10-02,37.008,37.164,36.494,36.66,309837
2013-10-03,36.626,37.346,36.626,37.057,424504
2013-10-04,36.841,37.115,35.278,35.792,1726183
2013-10-07,35.956,36.272,35.468,36.272,775591
2013-10-08,36.239,36.353,35.841,36.064,450685
2013-10-09,35.899,36.312,35.899,36.272,990117
2013-10-10,36.395,37.18,35.816,36.676,1809432
2013-10-11,37.164,37.629,36.726,37.553,1054861
2013-10-14,37.47,37.883,37.305,37.445,474877
2013-10-15,37.751,38.629,37.329,37.329,1711503
2013-10-16,37.43,38.34,37.106,37.802,918802
2013-10-17,37.802,38.032,37.231,37.231,577821
2013-10-18,37.231,37.43,36.701,36.974,638881
2013-10-21,37.263,38.05,37.231,38.05,1096432
2013-10-22,38.347,38.637,38.008,38.215,708414
2013-10-23,38.132,38.321,37.495,37.883,861345
2013-10-24,38.454,38.454,37.76,38.14,507492
2013-10-25,37.883,38.637,37.032,37.115,944877
2013-10-28,37.223,37.521,36.974,37.387,494370
2013-10-29,37.594,38.215,37.396,37.883,1018847
2013-10-30,38.041,38.215,37.148,37.405,1039372
2013-10-31,37.223,37.346,35.94,35.982,1459470
2013-11-04,36.767,36.767,35.899,36.395,767404
2013-11-05,36.56,37.106,36.23,36.643,812795
2013-11-06,36.478,36.809,36.147,36.684,1917015
2013-11-07,36.478,37.205,36.478,36.56,826890
2013-11-08,36.411,36.56,36.072,36.395,491663
2013-11-12,36.801,36.816,36.024,36.024,962396
2013-11-13,35.982,36.164,35.584,35.61,1124804
2013-11-14,36.353,36.353,35.567,35.989,528624
2013-11-15,36.353,37.256,36.155,37.223,1100728
2013-11-18,37.346,38.421,37.28,38.296,1028937
2013-11-19,38.05,38.421,37.817,38.421,508615
2013-11-20,38.132,38.463,37.817,37.817,891352
2013-11-21,37.553,37.718,37.057,37.139,756935
2013-11-22,37.396,38.215,37.38,38.008,558847
2013-11-25,38.537,39.166,38.354,38.985,793985
2013-11-26,38.546,38.926,37.917,38.05,1409092
2013-11-27,37.718,38.917,37.718,38.867,494555
2013-11-28,38.504,39.041,38.504,38.877,628237
2013-11-29,39.041,39.654,38.893,39.621,1151524
2013-12-02,39.281,39.951,38.967,39.041,908439
2013-12-03,39.066,39.29,37.883,37.883,1195738
2013-12-04,37.883,38.281,37.495,37.901,1113793
2013-12-05,37.76,38.075,36.916,37.371,1526714
2013-12-06,38.296,38.421,36.667,37.569,1906164
2013-12-09,37.875,37.957,37.082,37.553,446005
2013-12-10,37.553,37.553,36.321,36.974,715424
2013-12-11,37.04,37.462,36.752,36.965,612694
2013-12-12,36.693,37.38,36.56,36.809,771253
2013-12-13,37.124,37.38,36.205,36.651,1255307
2013-12-16,36.643,36.651,35.832,36.23,1438416
2013-12-17,36.353,36.353,34.625,34.715,1323602
2013-12-18,34.973,35.353,33.699,34.162,2004412
2013-12-19,34.411,34.641,33.517,33.517,1401077
2013-12-20,33.541,34.162,33.103,33.5,2696969
2013-12-23,33.5,34.411,33.5,34.136,459647
2013-12-27,34.417,34.534,33.929,33.929,540518
2013-12-30,34.285,34.475,33.914,33.914,416672
2014-01-02,34.451,35.906,34.078,35.692,996731
2014-01-03,35.567,35.717,35.154,35.17,731590
2014-01-07,34.74,35.238,34.451,34.823,1698025
2014-01-08,34.823,35.105,34.583,34.74,1387328
2014-01-09,34.368,34.881,34.22,34.244,1678918
2014-01-10,34.078,34.906,33.526,34.906,2269586
2014-01-13,34.955,35.641,34.955,35.195,695616
2014-01-14,35.195,35.617,34.963,34.963,1684294
2014-01-15,35.559,35.61,34.906,34.906,1112002
2014-01-16,35.238,35.526,34.799,35.212,473245
2014-01-17,35.18,35.278,34.426,34.823,916286
2014-01-20,34.575,34.873,33.632,33.897,1352822
2014-01-21,34.071,34.575,33.872,33.872,697945
2014-01-22,34.319,34.319,33.169,33.467,2591087
2014-01-23,33.491,34.071,32.623,33.086,1461404
2014-01-24,33.128,33.526,32.242,32.242,1458557
2014-01-27,31.846,32.715,31.415,31.415,2179667
2014-01-28,31.846,32.169,31.448,31.846,1603820
2014-01-29,32.159,32.259,31.515,31.599,1826163
2014-01-30,31.599,31.986,31.018,31.928,1271990
2014-01-31,32.012,32.583,31.349,32.086,1705104
2014-02-03,32.169,32.632,31.886,32.094,1089939
2014-02-04,31.862,32.408,31.63,31.805,899744
2014-02-05,31.599,31.846,31.349,31.349,1416718
2014-02-06,31.432,32.921,31.365,32.912,2117636
2014-02-07,32.912,33.755,32.549,33.755,1753067
2014-02-10,33.715,34.493,33.417,34.122,952975
2014-02-11,34.203,34.997,33.98,34.906,1292425
2014-02-12,35.038,35.13,34.55,34.668,1172816
2014-02-13,34.668,34.691,34.046,34.277,604210
2014-02-14,34.46,34.509,33.508,33.673,920210
2014-02-17,34.078,34.469,33.914,34.285,437890
2014-02-18,34.327,34.981,34.327,34.625,937552
2014-02-19,34.823,35.311,34.112,34.789,736847
2014-02-20,34.575,34.988,34.411,34.575,892419
2014-02-21,34.906,35.924,34.625,35.692,1105589
2014-02-24,35.634,36.494,35.411,36.147,1004994
2014-02-25,36.147,36.304,35.733,35.816,540915
2014-02-26,35.816,36.064,34.625,34.625,1489010
2014-02-27,34.74,34.955,34.078,34.493,632858
2014-02-28,34.575,36.395,34.575,36.147,1726244
2014-03-03,34.955,35.03,32.921,33.086,1577301
2014-03-04,33.955,34.542,33.583,33.914,1462113
2014-03-05,33.995,34.568,33.914,34.203,1135030
2014-03-06,34.451,34.641,33.914,34.046,608127
2014-03-07,34.088,34.542,33.673,33.673,390126
2014-03-10,33.666,34.013,32.74,32.74,578697
2014-03-11,33.086,33.699,32.995,33.153,799844
2014-03-12,33.211,33.98,32.888,33.557,919188
2014-03-13,33.557,34.518,33.169,33.169,1120872
2014-03-14,32.839,33.541,32.681,33.541,982165
2014-03-17,33.566,35.006,33.26,35.006,929148
2014-03-18,34.55,35.137,34.078,34.177,884882
2014-03-19,34.31,34.682,33.806,33.914,284648
2014-03-20,33.831,34.649,33.591,33.666,711239
2014-03-21,34.038,34.285,33.392,33.392,1754994
2014-03-24,33.392,33.641,33.086,33.575,331911
2014-03-25,33.575,34.203,33.551,33.806,486143
2014-03-26,33.914,34.947,33.914,34.823,781921
2014-03-27,34.74,35.047,34.475,34.475,1093148
2014-03-28,34.823,35.071,34.583,34.814,551185
2014-03-31,35.013,35.782,35.013,35.75,954952
2014-04-01,35.75,36.064,34.832,35.402,616477
2014-04-02,35.567,35.849,35.526,35.641,759332
2014-04-03,35.336,35.899,34.997,35.385,938800
2014-04-04,35.543,35.899,34.997,35.899,351005
2014-04-07,35.485,35.899,35.038,35.584,444068
2014-04-08,35.584,35.916,35.219,35.916,456103
2014-04-09,35.989,36.246,35.36,35.567,1152832
2014-04-10,35.974,36.809,35.857,36.809,1166218
2014-04-11,35.982,36.809,35.982,36.809,908345
2014-04-14,36.197,36.676,35.816,36.643,818594
2014-04-15,36.395,36.519,35.667,35.692,1051298
2014-04-16,36.13,36.404,35.584,35.584,874546
2014-04-17,35.584,36.024,35.584,36.024,307845
2014-04-22,35.816,36.618,35.66,36.469,420457
2014-04-23,36.519,37.205,36.272,37.097,1098617
2014-04-24,36.809,38.207,36.801,37.718,1889958
2014-04-25,37.594,37.917,37.305,37.305,597797
2014-04-28,37.296,37.917,37.296,37.603,362631
2014-04-29,37.925,38.296,37.901,38.05,698767
2014-04-30,37.991,38.207,37.47,37.47,818753
2014-05-02,37.305,37.521,37.106,37.43,320403
2014-05-05,37.322,37.371,36.552,36.717,453707
2014-05-06,37.057,37.057,36.172,36.601,475353
2014-05-07,36.296,36.519,35.849,35.982,1062550
2014-05-08,36.138,36.469,35.782,35.982,876715
2014-05-09,36.147,36.263,35.419,35.419,557656
2014-05-12,35.567,36.601,35.559,36.601,442980
2014-05-13,36.667,36.776,36.419,36.594,419027
2014-05-14,36.726,37.189,36.61,36.884,770831
2014-05-15,36.875,37.139,35.899,35.982,565062
2014-05-16,36.353,36.758,35.982,36.568,340792
2014-05-19,36.717,36.884,36.048,36.643,299715
2014-05-20,36.56,36.94,36.239,36.502,336220
2014-05-21,36.626,36.626,35.667,35.774,447196
2014-05-22,36.104,37.124,35.841,36.965,725032
2014-05-23,36.933,37.387,36.519,36.916,699579
2014-05-26,37.305,37.868,37.106,37.247,611880
2014-05-27,37.065,37.172,36.494,36.585,507718
2014-05-28,36.585,36.841,36.09,36.164,488832
2014-05-29,36.222,36.222,35.18,35.402,1235748
2014-05-30,35.402,35.717,34.889,34.889,1600558
2014-06-02,34.981,35.453,34.765,35.047,703340
2014-06-03,35.154,35.32,34.385,34.617,1271576
2014-06-04,34.617,35.03,34.426,34.715,1224579
2014-06-05,34.823,35.799,34.782,35.502,813169
2014-06-06,35.567,35.741,35.327,35.567,695354
2014-06-09,35.733,35.916,35.32,35.32,635772
2014-06-10,35.559,35.66,35.32,35.502,680908
2014-06-11,35.509,35.567,35.006,35.567,810071
2014-06-12,35.756,35.756,34.857,35.088,769641
2014-06-13,35.097,35.123,34.918,34.944,508137
2014-06-16,34.944,34.944,34.49,34.67,563521
2014-06-17,34.677,35.423,34.677,35.26,942655
2014-06-18,35.327,35.73,35.276,35.602,693609
2014-06-20,35.747,35.747,35.217,35.217,1425211
2014-06-23,35.217,35.945,35.088,35.654,498959
2014-06-24,35.945,36.116,35.73,36.106,424170
2014-06-25,35.894,36.116,35.346,35.901,968313
2014-06-26,35.987,35.996,34.875,34.985,681694
2014-06-27,35.02,35.619,34.788,35.046,407279
2014-06-30,35.26,35.38,34.704,35.088,437697
2014-07-01,35.088,35.209,34.788,34.985,180884
2014-07-02,35.088,35.465,34.027,34.148,897082
2014-07-03,34.369,34.438,33.471,34.148,980112
2014-07-04,34.404,34.497,34.181,34.404,377865
2014-07-07,34.481,35.088,34.481,35.088,294179
2014-07-08,35.166,35.842,35.166,35.696,572387
2014-07-09,35.688,35.868,34.814,35.362,608980
2014-07-10,35.474,35.585,34.446,34.738,1430909
2014-07-11,34.524,36.022,34.524,35.765,742143
2014-07-14,35.688,36.098,35.662,35.945,724069
2014-07-15,36.116,36.346,35.953,36.072,524815
2014-07-16,36.116,37.108,35.979,36.672,1448777
2014-07-17,36.484,36.843,36.132,36.535,828135
2014-07-18,36.304,36.731,35.987,36.535,505308
2014-07-21,36.56,36.603,35.782,36.603,289550
2014-07-22,36.603,36.868,36.183,36.868,565593
2014-07-23,35.688,36.116,34.627,34.729,3393014
2014-07-24,34.746,34.832,33.883,34.19,1299495
2014-07-25,34.318,34.404,32.803,33.274,1670316
2014-07-28,33.384,34.011,33.017,33.017,889733
2014-07-29,33.351,33.805,33.069,33.549,1155167
2014-07-30,33.625,33.771,32.435,32.905,1026426
2014-07-31,32.615,33.103,31.666,31.666,1278392
2014-08-01,31.666,31.964,30.947,31.563,1874346
2014-08-04,31.905,32.667,31.666,31.666,1744230
2014-08-05,32.101,32.401,31.88,32.256,843436
2014-08-06,32.179,32.813,32.059,32.813,825771
2014-08-07,32.777,33.061,31.845,32.264,917360
2014-08-08,31.759,32.325,31.681,32.094,888217
2014-08-11,32.522,33.034,32.512,33.034,1693463
2014-08-12,33.077,33.497,32.693,33.129,934501
2014-08-13,33.129,33.591,32.847,33.378,1552230
2014-08-14,33.359,33.702,32.95,33.369,1139495
2014-08-18,33.676,33.951,32.95,33.591,716879
2014-08-19,33.633,33.771,32.983,33.462,701030
2014-08-20,33.378,33.942,33.282,33.891,648801
2014-08-21,33.933,34.044,33.727,33.873,337096
2014-08-22,33.891,33.967,33.599,33.676,520993
2014-08-25,33.702,34.232,33.702,34.123,343056
2014-08-26,33.942,34.832,33.942,34.832,1142234
2014-08-27,34.875,35.184,34.497,35.003,978387
2014-08-28,34.969,35.02,33.488,33.985,1143225
2014-08-29,33.847,34.138,33.359,33.745,1137590
2014-09-01,33.745,34.275,33.745,34.275,284784
2014-09-02,34.318,34.661,34.097,34.199,453297
2014-09-03,34.471,35.517,34.361,35.405,1313145
2014-09-04,35.088,35.251,34.455,34.532,984574
2014-09-05,34.567,34.934,34.335,34.841,684205
2014-09-08,35.08,35.542,34.9,35.474,1306191
2014-09-09,35.43,35.43,35.106,35.423,603136
2014-09-10,35.14,35.499,35.14,35.456,1100050
2014-09-11,35.26,35.559,34.773,34.788,1316263
2014-09-12,34.78,35.542,34.677,34.814,479957
2014-09-15,34.67,34.994,34.601,34.601,440329
2014-09-16,34.661,35.474,34.327,35.286,884437
2014-09-17,35.346,35.662,35.191,35.327,486918
2014-09-18,35.32,36.202,35.268,36.202,817934
2014-09-19,36.202,37.425,36.03,37.313,2247294
2014-09-22,36.878,37.143,36.731,36.801,492625
2014-09-23,36.731,36.809,35.901,35.996,546677
2014-09-24,36.081,36.569,35.628,35.73,525022
2014-09-25,35.945,36.202,35.397,35.628,713240
2014-09-26,35.542,35.73,35.26,35.593,496375
2014-09-29,35.611,36.202,35.08,35.405,717197
2014-09-30,35.517,35.662,34.978,35.302,1188936
2014-10-01,35.397,35.43,34.541,34.807,727786
2014-10-02,34.67,35.132,34.148,35.088,718694
2014-10-03,35.26,35.593,35.088,35.276,619431
2014-10-06,35.474,35.714,35.276,35.602,485264
2014-10-07,35.26,35.636,34.934,35.397,510781
2014-10-08,34.959,35.388,34.832,35.123,891890
2014-10-09,35.644,36.56,35.242,36.364,1661874
2014-10-10,35.945,36.27,35.491,35.491,1187727
2014-10-13,35.628,35.945,35.517,35.894,518741
2014-10-14,35.688,36.261,35.532,36.072,1242104
2014-10-15,36.27,36.27,35.628,35.935,1008723
2014-10-16,35.816,36.081,35.388,35.611,1097302
2014-10-17,35.704,36.183,35.636,35.636,1019371
2014-10-20,35.859,35.91,35.174,35.174,617324
2014-10-21,35.14,35.756,35.097,35.517,1212835
2014-10-22,36.125,36.329,35.644,35.919,563867
2014-10-23,35.859,36.715,35.619,35.996,1221339
2014-10-24,35.945,36.338,35.552,35.619,565026
2014-10-27,35.688,36.236,35.602,35.636,566559
2014-10-28,35.842,36.03,35.577,35.945,308844
2014-10-29,35.945,36.175,35.414,35.593,434044
2014-10-30,35.517,35.756,35.268,35.688,1277059
2014-10-31,35.935,36.047,35.577,35.884,740648
2014-11-03,35.73,36.202,35.73,35.945,664289
2014-11-04,35.945,36.141,35.842,35.935,909010
2014-11-05,35.945,36.621,35.919,36.286,1493298
2014-11-06,36.158,36.492,36.012,36.449,1121026
2014-11-07,36.373,36.86,36.355,36.715,1110122
2014-11-10,36.56,37.545,36.56,37.545,564366
2014-11-12,36.938,37.999,36.938,37.999,1331763
2014-11-13,37.999,39.198,37.948,38.512,1653474
2014-11-14,38.512,38.915,38.093,38.896,872354
2014-11-17,38.922,39.428,38.109,38.349,1039299
2014-11-18,38.349,38.708,38.297,38.589,648050
2014-11-19,38.725,38.743,37.964,38.316,651729
2014-11-20,38.316,38.683,37.974,37.974,757590
2014-11-21,37.989,39.351,37.989,39.067,1889508
2014-11-24,38.692,38.983,37.476,37.954,810080
2014-11-25,38.015,38.032,37.399,37.399,1148508
2014-11-26,37.57,38.512,37.467,38.512,1071385
2014-11-27,38.478,38.708,38.409,38.665,672693
2014-11-28,38.692,39.067,38.597,38.657,1087166
2014-12-01,38.512,39.333,38.503,39.025,633754
2014-12-02,39.333,40.369,39.238,40.343,1062513
2014-12-03,40.369,40.892,40.258,40.608,1104417
2014-12-04,40.55,42.311,40.55,41.105,2750200
2014-12-05,41.105,42.106,41.105,41.978,1427419
2014-12-08,42.183,42.56,41.755,42.363,1227148
2014-12-09,42.148,42.277,40.745,41.139,1525022
2014-12-10,41.122,41.781,40.394,40.48,1167775
2014-12-11,40.565,41.678,40.497,41.421,1024232
2014-12-12,41.508,41.833,41.096,41.498,845059
2014-12-15,41.234,41.405,40.754,41.079,1211296
2014-12-16,40.737,40.959,38.631,39.701,1947463
2014-12-17,39.41,40.924,39.281,40.369,1093977
2014-12-18,40.994,41.85,40.583,41.85,977426
2014-12-19,41.85,41.952,41.174,41.764,1885243
2014-12-22,41.585,41.935,41.362,41.935,519546
2014-12-23,41.592,42.081,41.387,41.508,427141
2014-12-29,41.678,42.055,41.285,41.508,975180
2014-12-30,41.25,41.994,40.661,41.866,987503
